<?xml version="1.0"?>
<!--<!DOCTYPE metadata SYSTEM "http://www.esri.com/metadata/esriprof80.dtd">-->
<metadata xml:lang="en"><Esri><CreaDate>20130812</CreaDate><CreaTime>10401000</CreaTime><SyncOnce>FALSE</SyncOnce><DataProperties><lineage><Process Name="FeatureclassToCoverage_2" ToolSource="C:\Program Files\ArcGIS\ArcToolbox\Toolboxes\Conversion Tools.tbx\FeatureclassToCoverage" Date="20060118" Time="123256">FeatureclassToCoverage "dams00x020 ''" D:\Atlas\Production\Dams\dams00x020_f # DOUBLE</Process><Process ToolSource="C:\Program Files (x86)\ArcGIS\Desktop10.0\ArcToolbox\Toolboxes\Analysis Tools.tbx\Clip" Date="20130811" Time="144857">Clip Z:\Users\hoffdad\Documents\_EYEPOD\EYEPODgis\_temp\dams00x020_nt00010\dams00x020.shp Z:\Users\hoffdad\Documents\_EYEPOD\EYEPODgis\data\RoanokeRiver_watersheds.shp Y:\Documents\_EYEPOD\EYEPODgis\_data\RRBdams.shp "0.1 DecimalDegrees"</Process></lineage><itemProps><itemName Sync="TRUE">RRBdams</itemName><imsContentType Sync="TRUE">002</imsContentType><itemSize Sync="TRUE">0.000</itemSize><itemLocation><linkage Sync="TRUE">file://\\FREDHOFFMAN7C88\C$\Users\Administrator\AppData\Roaming\ESRI\Desktop10.0\Package\ColesHill\commondata\data0\RRBdams</linkage><protocol Sync="TRUE">Local Area Network</protocol></itemLocation></itemProps><coordRef><type Sync="TRUE">Geographic</type><geogcsn Sync="TRUE">GCS_North_American_1983</geogcsn><peXml Sync="TRUE">&lt;GeographicCoordinateSystem xsi:type='typens:GeographicCoordinateSystem' xmlns:xsi='http://www.w3.org/2001/XMLSchema-instance' xmlns:xs='http://www.w3.org/2001/XMLSchema' xmlns:typens='http://www.esri.com/schemas/ArcGIS/10.0'&gt;&lt;WKT&gt;GEOGCS[&amp;quot;GCS_North_American_1983&amp;quot;,DATUM[&amp;quot;D_North_American_1983&amp;quot;,SPHEROID[&amp;quot;GRS_1980&amp;quot;,6378137.0,298.257222101]],PRIMEM[&amp;quot;Greenwich&amp;quot;,0.0],UNIT[&amp;quot;Degree&amp;quot;,0.0174532925199433],AUTHORITY[&amp;quot;EPSG&amp;quot;,4269]]&lt;/WKT&gt;&lt;XOrigin&gt;-399.99999999999989&lt;/XOrigin&gt;&lt;YOrigin&gt;-399.99999999999989&lt;/YOrigin&gt;&lt;XYScale&gt;11258999068426.24&lt;/XYScale&gt;&lt;ZOrigin&gt;-100000&lt;/ZOrigin&gt;&lt;ZScale&gt;10000&lt;/ZScale&gt;&lt;MOrigin&gt;-100000&lt;/MOrigin&gt;&lt;MScale&gt;10000&lt;/MScale&gt;&lt;XYTolerance&gt;8.9831528411952117e-009&lt;/XYTolerance&gt;&lt;ZTolerance&gt;0.001&lt;/ZTolerance&gt;&lt;MTolerance&gt;0.001&lt;/MTolerance&gt;&lt;HighPrecision&gt;true&lt;/HighPrecision&gt;&lt;LeftLongitude&gt;-180&lt;/LeftLongitude&gt;&lt;WKID&gt;4269&lt;/WKID&gt;&lt;/GeographicCoordinateSystem&gt;</peXml></coordRef><copyHistory><copy source="Z:\Users\hoffdad\Documents\_EYEPOD\EYEPODgis\_data\RRBdams" dest="\\FREDHOFFMAN7C88\C$\Users\Administrator\AppData\Roaming\ESRI\Desktop10.0\Package\ColesHill\commondata\data0\RRBdams" date="20130812" time="10401000"></copy></copyHistory></DataProperties><SyncDate>20130811</SyncDate><SyncTime>14485600</SyncTime><ModDate>20130811</ModDate><ModTime>14485600</ModTime><ArcGISFormat>1.0</ArcGISFormat></Esri><idinfo><native Sync="TRUE">Microsoft Windows XP Version 5.1 (Build 2600) Service Pack 1; ESRI ArcCatalog 9.0.0.535</native><descript><langdata Sync="TRUE">en</langdata><abstract>REQUIRED: A brief narrative summary of the data set.</abstract><purpose>REQUIRED: A summary of the intentions with which the data set was developed.</purpose></descript><citation><citeinfo><origin>REQUIRED: The name of an organization or individual that developed the data set.</origin><pubdate>REQUIRED: The date when the data set is published or otherwise made available for release.</pubdate><title Sync="TRUE">dams00x020</title><ftname Sync="TRUE">dams00x020</ftname><geoform Sync="TRUE">vector digital data</geoform><onlink Sync="TRUE">\\rns03ds1\atlas\gregm\dams\dams00x020</onlink></citeinfo></citation><timeperd><current>REQUIRED: The basis on which the time period of content information is determined.</current><timeinfo><sngdate><caldate>REQUIRED: The year (and optionally month, or month and day) for which the data set corresponds to the ground.</caldate></sngdate></timeinfo></timeperd><status><progress>REQUIRED: The state of the data set.</progress><update>REQUIRED: The frequency with which changes and additions are made to the data set after the initial data set is completed.</update></status><spdom><bounding><westbc Sync="TRUE">-162.877810</westbc><eastbc Sync="TRUE">-66.015000</eastbc><northbc Sync="TRUE">68.069400</northbc><southbc Sync="TRUE">18.017300</southbc></bounding><lboundng><leftbc Sync="TRUE">-162.877810</leftbc><rightbc Sync="TRUE">-66.015000</rightbc><bottombc Sync="TRUE">18.017300</bottombc><topbc Sync="TRUE">68.069400</topbc></lboundng></spdom><keywords><theme><themekt>REQUIRED: Reference to a formally registered thesaurus or a similar authoritative source of theme keywords.</themekt><themekey>REQUIRED: Common-use word or phrase used to describe the subject of the data set.</themekey></theme></keywords><accconst>REQUIRED: Restrictions and legal prerequisites for accessing the data set.</accconst><useconst>REQUIRED: Restrictions and legal prerequisites for using the data set after access is granted.</useconst><natvform Sync="TRUE">ArcInfo Coverage</natvform></idinfo><dataIdInfo><envirDesc Sync="TRUE">Microsoft Windows Server 2008 R2 Version 6.1 (Build 7601) Service Pack 1; ESRI ArcGIS 10.0.0.2414</envirDesc><dataLang><languageCode Sync="TRUE" value="eng" country="USA"></languageCode></dataLang><idCitation><resTitle Sync="TRUE">RRBdams</resTitle><presForm><PresFormCd Sync="TRUE" value="005"></PresFormCd></presForm></idCitation><spatRpType><SpatRepTypCd Sync="TRUE" value="001"></SpatRepTypCd></spatRpType><dataExt><geoEle><GeoBndBox esriExtentType="native"><westBL Sync="TRUE">-162.87781</westBL><eastBL Sync="TRUE">-66.015</eastBL><northBL Sync="TRUE">68.0694</northBL><southBL Sync="TRUE">18.0173</southBL><exTypeCode Sync="TRUE">1</exTypeCode></GeoBndBox></geoEle></dataExt><geoBox esriExtentType="decdegrees"><westBL Sync="TRUE">-162.87781</westBL><eastBL Sync="TRUE">-66.015</eastBL><northBL Sync="TRUE">68.0694</northBL><southBL Sync="TRUE">18.0173</southBL><exTypeCode Sync="TRUE">1</exTypeCode></geoBox><descKeys><thesaName uuidref="723f6998-058e-11dc-8314-0800200c9a66"></thesaName><keyword Sync="TRUE">002</keyword></descKeys></dataIdInfo><metainfo><langmeta Sync="TRUE">en</langmeta><metstdn Sync="TRUE">FGDC Content Standards for Digital Geospatial Metadata</metstdn><metstdv Sync="TRUE">FGDC-STD-001-1998</metstdv><mettc Sync="TRUE">local time</mettc><metc><cntinfo><cntorgp><cntper>REQUIRED: The person responsible for the metadata information.</cntper><cntorg>REQUIRED: The organization responsible for the metadata information.</cntorg></cntorgp><cntaddr><addrtype>REQUIRED: The mailing and/or physical address for the organization or individual.</addrtype><city>REQUIRED: The city of the address.</city><state>REQUIRED: The state or province of the address.</state><postal>REQUIRED: The ZIP or other postal code of the address.</postal></cntaddr><cntvoice>REQUIRED: The telephone number by which individuals can speak to the organization or individual.</cntvoice></cntinfo></metc><metd Sync="TRUE">20060118</metd></metainfo><mdLang><languageCode Sync="TRUE" value="eng"></languageCode></mdLang><mdStanName Sync="TRUE">ISO 19115 Geographic Information - Metadata</mdStanName><mdStanVer Sync="TRUE">DIS_ESRI1.0</mdStanVer><mdChar><CharSetCd Sync="TRUE" value="004"></CharSetCd></mdChar><mdHrLv><ScopeCd Sync="TRUE" value="005"></ScopeCd></mdHrLv><mdHrLvName Sync="TRUE">dataset</mdHrLvName><distinfo><resdesc Sync="TRUE">Downloadable Data</resdesc><stdorder><digform><digtinfo><transize Sync="TRUE">6.491</transize><dssize Sync="TRUE">6.491</dssize></digtinfo></digform></stdorder></distinfo><distInfo><distributor><distorTran><onLineSrc><orDesc Sync="TRUE">002</orDesc><linkage Sync="TRUE">file://\\rns03ds1\atlas\gregm\dams\dams00x020</linkage><protocol Sync="TRUE">Local Area Network</protocol></onLineSrc><transSize Sync="TRUE">6.491</transSize></distorTran><distorFormat><formatName Sync="TRUE">ArcInfo Coverage</formatName></distorFormat></distributor><distFormat><formatName Sync="TRUE">Shapefile</formatName></distFormat><distTranOps><transSize Sync="TRUE">0.000</transSize></distTranOps></distInfo><spdoinfo><direct Sync="TRUE">Vector</direct><ptvctinf><esriterm Name="RRBdams"><efeatyp Sync="TRUE">Simple</efeatyp><efeageom Sync="TRUE">1</efeageom><esritopo Sync="TRUE">FALSE</esritopo><efeacnt Sync="TRUE">0</efeacnt><spindex Sync="TRUE">FALSE</spindex><linrefer Sync="TRUE">FALSE</linrefer></esriterm></ptvctinf></spdoinfo><spref><horizsys><cordsysn><geogcsn Sync="TRUE">GCS_Clarke_1866</geogcsn></cordsysn><geograph><geogunit Sync="TRUE">Decimal degrees</geogunit><latres Sync="TRUE">0.000001</latres><longres Sync="TRUE">0.000001</longres></geograph><geodetic><horizdn Sync="TRUE">D_Clarke_1866</horizdn><ellips Sync="TRUE">Clarke 1866</ellips><semiaxis Sync="TRUE">6378206.400000</semiaxis><denflat Sync="TRUE">294.978698</denflat></geodetic></horizsys></spref><refSysInfo><RefSystem><refSysID><identCode Sync="TRUE" code="4269">GCS_Clarke_1866</identCode><idCodeSpace Sync="TRUE">EPSG</idCodeSpace><idVersion Sync="TRUE">7.4.1</idVersion></refSysID></RefSystem></refSysInfo><spatRepInfo><VectSpatRep><topLvl><TopoLevCd Sync="TRUE" value="001"></TopoLevCd></topLvl><geometObjs Name="point"><geoObjTyp><GeoObjTypCd Sync="TRUE" value="004"></GeoObjTypCd><geoObjCnt Sync="TRUE">0</geoObjCnt></geoObjTyp><geoObjCnt Sync="TRUE">8121</geoObjCnt></geometObjs><geometObjs Name="tic"><geoObjTyp><GeoObjTypCd Sync="TRUE" value="004"></GeoObjTypCd></geoObjTyp><geoObjCnt Sync="TRUE">0</geoObjCnt></geometObjs></VectSpatRep></spatRepInfo><eainfo><detailed Name="RRBdams"><enttyp><enttypl Sync="TRUE">RRBdams</enttypl><enttypt Sync="TRUE">Feature Class</enttypt><enttypc Sync="TRUE">0</enttypc></enttyp><attr><attrlabl Sync="TRUE">FID</attrlabl><attalias Sync="TRUE">FID</attalias><attrtype Sync="TRUE">OID</attrtype><attwidth Sync="TRUE">4</attwidth><atprecis Sync="TRUE">0</atprecis><attscale Sync="TRUE">0</attscale><attrdef Sync="TRUE">Internal feature number.</attrdef><attrdefs Sync="TRUE">ESRI</attrdefs><attrdomv><udom Sync="TRUE">Sequential unique whole numbers that are automatically generated.</udom></attrdomv></attr><attr><attrlabl Sync="TRUE">Shape</attrlabl><attalias Sync="TRUE">Shape</attalias><attrtype Sync="TRUE">Geometry</attrtype><attwidth Sync="TRUE">0</attwidth><atprecis Sync="TRUE">0</atprecis><attscale Sync="TRUE">0</attscale><attrdef Sync="TRUE">Feature geometry.</attrdef><attrdefs Sync="TRUE">ESRI</attrdefs><attrdomv><udom Sync="TRUE">Coordinates defining the features.</udom></attrdomv></attr><attr><attrlabl Sync="TRUE">DAMS00X020</attrlabl><attalias Sync="TRUE">DAMS00X020</attalias><attrtype Sync="TRUE">Integer</attrtype><attwidth Sync="TRUE">9</attwidth><atprecis Sync="TRUE">9</atprecis><attscale Sync="TRUE">0</attscale></attr><attr><attrlabl Sync="TRUE">DAM_NAME</attrlabl><attwidth Sync="TRUE">65</attwidth><atoutwid Sync="TRUE">65</atoutwid><attrtype Sync="TRUE">String</attrtype><attalias Sync="TRUE">DAM_NAME</attalias><atprecis Sync="TRUE">0</atprecis><attscale Sync="TRUE">0</attscale></attr><attr><attrlabl Sync="TRUE">OTHER_NAME</attrlabl><attwidth Sync="TRUE">65</attwidth><atoutwid Sync="TRUE">65</atoutwid><attrtype Sync="TRUE">String</attrtype><attalias Sync="TRUE">OTHER_NAME</attalias><atprecis Sync="TRUE">0</atprecis><attscale Sync="TRUE">0</attscale></attr><attr><attrlabl Sync="TRUE">NIDID</attrlabl><attwidth Sync="TRUE">7</attwidth><atoutwid Sync="TRUE">7</atoutwid><attrtype Sync="TRUE">String</attrtype><attalias Sync="TRUE">NIDID</attalias><atprecis Sync="TRUE">0</atprecis><attscale Sync="TRUE">0</attscale></attr><attr><attrlabl Sync="TRUE">LONGITUDE</attrlabl><attwidth Sync="TRUE">19</attwidth><atoutwid Sync="TRUE">16</atoutwid><attrtype Sync="TRUE">Double</attrtype><attalias Sync="TRUE">LONGITUDE</attalias><atprecis Sync="TRUE">18</atprecis><attscale Sync="TRUE">11</attscale></attr><attr><attrlabl Sync="TRUE">LATITUDE</attrlabl><attwidth Sync="TRUE">19</attwidth><atoutwid Sync="TRUE">16</atoutwid><attrtype Sync="TRUE">Double</attrtype><attalias Sync="TRUE">LATITUDE</attalias><atprecis Sync="TRUE">18</atprecis><attscale Sync="TRUE">11</attscale></attr><attr><attrlabl Sync="TRUE">COUNTY</attrlabl><attwidth Sync="TRUE">65</attwidth><atoutwid Sync="TRUE">65</atoutwid><attrtype Sync="TRUE">String</attrtype><attalias Sync="TRUE">COUNTY</attalias><atprecis Sync="TRUE">0</atprecis><attscale Sync="TRUE">0</attscale></attr><attr><attrlabl Sync="TRUE">RIVER</attrlabl><attwidth Sync="TRUE">65</attwidth><atoutwid Sync="TRUE">65</atoutwid><attrtype Sync="TRUE">String</attrtype><attalias Sync="TRUE">RIVER</attalias><atprecis Sync="TRUE">0</atprecis><attscale Sync="TRUE">0</attscale></attr><attr><attrlabl Sync="TRUE">CITY</attrlabl><attwidth Sync="TRUE">65</attwidth><atoutwid Sync="TRUE">65</atoutwid><attrtype Sync="TRUE">String</attrtype><attalias Sync="TRUE">CITY</attalias><atprecis Sync="TRUE">0</atprecis><attscale Sync="TRUE">0</attscale></attr><attr><attrlabl Sync="TRUE">OWN_NAME</attrlabl><attwidth Sync="TRUE">65</attwidth><atoutwid Sync="TRUE">65</atoutwid><attrtype Sync="TRUE">String</attrtype><attalias Sync="TRUE">OWN_NAME</attalias><atprecis Sync="TRUE">0</atprecis><attscale Sync="TRUE">0</attscale></attr><attr><attrlabl Sync="TRUE">OWN_TYPE</attrlabl><attwidth Sync="TRUE">10</attwidth><atoutwid Sync="TRUE">10</atoutwid><attrtype Sync="TRUE">String</attrtype><attalias Sync="TRUE">OWN_TYPE</attalias><atprecis Sync="TRUE">0</atprecis><attscale Sync="TRUE">0</attscale></attr><attr><attrlabl Sync="TRUE">DAM_TYPE</attrlabl><attwidth Sync="TRUE">10</attwidth><atoutwid Sync="TRUE">10</atoutwid><attrtype Sync="TRUE">String</attrtype><attalias Sync="TRUE">DAM_TYPE</attalias><atprecis Sync="TRUE">0</atprecis><attscale Sync="TRUE">0</attscale></attr><attr><attrlabl Sync="TRUE">PURPOSES</attrlabl><attwidth Sync="TRUE">254</attwidth><atoutwid Sync="TRUE">254</atoutwid><attrtype Sync="TRUE">String</attrtype><attalias Sync="TRUE">PURPOSES</attalias><atprecis Sync="TRUE">0</atprecis><attscale Sync="TRUE">0</attscale></attr><attr><attrlabl Sync="TRUE">YR_COMPL</attrlabl><attwidth Sync="TRUE">10</attwidth><atoutwid Sync="TRUE">10</atoutwid><attrtype Sync="TRUE">String</attrtype><attalias Sync="TRUE">YR_COMPL</attalias><atprecis Sync="TRUE">0</atprecis><attscale Sync="TRUE">0</attscale></attr><attr><attrlabl Sync="TRUE">NID_HEIGHT</attrlabl><attwidth Sync="TRUE">19</attwidth><atoutwid Sync="TRUE">16</atoutwid><attrtype Sync="TRUE">Double</attrtype><attalias Sync="TRUE">NID_HEIGHT</attalias><atprecis Sync="TRUE">18</atprecis><attscale Sync="TRUE">11</attscale></attr><attr><attrlabl Sync="TRUE">MAX_STOR</attrlabl><attwidth Sync="TRUE">19</attwidth><atoutwid Sync="TRUE">16</atoutwid><attrtype Sync="TRUE">Double</attrtype><attalias Sync="TRUE">MAX_STOR</attalias><atprecis Sync="TRUE">18</atprecis><attscale Sync="TRUE">11</attscale></attr><attr><attrlabl Sync="TRUE">NORMAL_STO</attrlabl><attwidth Sync="TRUE">19</attwidth><atoutwid Sync="TRUE">16</atoutwid><attrtype Sync="TRUE">Double</attrtype><attalias Sync="TRUE">NORMAL_STO</attalias><atprecis Sync="TRUE">18</atprecis><attscale Sync="TRUE">11</attscale></attr><attr><attrlabl Sync="TRUE">SURF_AREA</attrlabl><attwidth Sync="TRUE">19</attwidth><atoutwid Sync="TRUE">16</atoutwid><attrtype Sync="TRUE">Double</attrtype><attalias Sync="TRUE">SURF_AREA</attalias><atprecis Sync="TRUE">18</atprecis><attscale Sync="TRUE">11</attscale></attr><attr><attrlabl Sync="TRUE">DRAIN_AREA</attrlabl><attwidth Sync="TRUE">19</attwidth><atoutwid Sync="TRUE">16</atoutwid><attrtype Sync="TRUE">Double</attrtype><attalias Sync="TRUE">DRAIN_AREA</attalias><atprecis Sync="TRUE">18</atprecis><attscale Sync="TRUE">11</attscale></attr><attr><attrlabl Sync="TRUE">HAZARD</attrlabl><attwidth Sync="TRUE">10</attwidth><atoutwid Sync="TRUE">10</atoutwid><attrtype Sync="TRUE">String</attrtype><attalias Sync="TRUE">HAZARD</attalias><atprecis Sync="TRUE">0</atprecis><attscale Sync="TRUE">0</attscale></attr><attr><attrlabl Sync="TRUE">STATE</attrlabl><attwidth Sync="TRUE">10</attwidth><atoutwid Sync="TRUE">10</atoutwid><attrtype Sync="TRUE">String</attrtype><attalias Sync="TRUE">STATE</attalias><atprecis Sync="TRUE">0</atprecis><attscale Sync="TRUE">0</attscale></attr><attr><attrlabl Sync="TRUE">SYMBOL</attrlabl><attalias Sync="TRUE">SYMBOL</attalias><attrtype Sync="TRUE">String</attrtype><attwidth Sync="TRUE">1</attwidth><atprecis Sync="TRUE">0</atprecis><attscale Sync="TRUE">0</attscale></attr></detailed></eainfo><mdDateSt Sync="TRUE">20130811</mdDateSt><dataqual><lineage><procstep><procdesc Sync="TRUE">Dataset copied.</procdesc><srcused Sync="TRUE"></srcused><date Sync="TRUE">20060118</date><time Sync="TRUE">13150400</time></procstep><procstep><procdesc Sync="TRUE">Dataset copied.</procdesc><srcused Sync="TRUE">D:\Atlas\Production\Dams\dams00x020</srcused><date Sync="TRUE">20060118</date><time Sync="TRUE">13282600</time></procstep></lineage></dataqual></metadata>
